{"cameraMode":{"drawMode":0,"name":"Shaded","section":"Shading Mode"},"sceneLighting":false,"audioPlay":false,"sceneViewState":{"showFog":false,"showMaterialUpdate":false,"showSkybox":false,"showFlares":false,"showImageEffects":false,"showParticleSystems":false},"in2DMode":false,"pivot":{"x":0.0,"y":0.7876561284065247,"z":-0.00028884410858154297},"rotation":{"x":-0.0849350094795227,"y":0.9008370637893677,"z":-0.2050512433052063,"w":-0.3731389343738556},"size":3.4254655838012697,"orthographic":false}